id,first_name,last_name,shipping_address_1,shipping_address_2,city,state,zip
10015,Katelyn,Wright,58 Smith St.,,Nilbog,PA,31229
10016,Autumn,Mullins,182 Main St.,,Louisville,FL,45192
10017,Miguel,Caldwell,228 Forest Blvd.,,Fairview,NY,91379
10018,Brittany,Larson,89 Riverside Cir.,,Winston,CA,3415
10019,Kevin,Ward,179 Goose Hwy,,Franklin,MO,71621
10020,Jada,Mcdonald,24 Messenger Hwy,,Milton,MO,48518
10021,James,Rhodes,94 Forest Hwy,Unit 704,Madison,NJ,82949
10022,William,Banks,224 Old Town St.,Unit 529,Springfield,MA,19562
10023,Mary,Fowler,117 River Rd.,,Townville,PA,61454
10024,Emily,Hammond,93 Fox St.,,Fairview,ND,71064
10025,Carlos,Diaz,195 North Blvd.,,Portland,MN,23684
10026,Lauren,Fleming,237 Main Way,Unit 994,Portland,VT,64241
10027,Dylan,Kim,294 Flower Hwy,Apt.  398,Dover,ID,89201
10028,Katherine,Riley,161 White Rd.,,Milton,WY,54296
10029,Kevin,Francis,244 Oak Blvd.,Suite 7,Salem,MN,97156
10030,Samantha,Vega,59 Goose Blvd.,,Big City,DE,23706
10031,Savannah,Vega,177 Mountain Way,Apt.  610,Portland,PA,43037
10032,Brandon,Cole,233 Meadow St.,Apt.  746,Wilmington,WV,45533
10033,Cassandra,Williamson,60 Fox Blvd.,,Fairview,DE,17337
10034,David,Smith,210 White St.,,St. Johnsbury,ND,54339
10035,Kathryn,Chavez,27 Fox St.,,Big City,AZ,50032
10036,Molly,Pratt,284 Second St.,Unit 107,Georgetown,SC,30468
10037,Michelle,Welch,227 White Cir.,,Wilmington,MO,86167
10038,Breanna,Erickson,119 Split-Rock St.,,Townville,OR,19057
10039,Blake,Lee,167 Riverside Cir.,,Harrisburg,AR,657
10040,Garrett,Rodriguez,95 Smith St.,Unit 549,Clinton,SD,11543
10041,Gavin,Douglas,199 Downing Rd.,,Pittsburgh,WY,65391
10042,Alexa,Roberts,132 Second Hwy,,Georgetown,AL,26392
10043,Mark,Morgan,167 Goose St.,,Riverside,WY,95993
10044,Sebastian,Wheeler,296 Front Blvd.,,Nilbog,KY,26947
10045,Shelby,Gomez,212 Forest Rd.,,Riverside,RI,12782
10046,Blake,Beck,2 Rabbit St.,,Wilmington,AZ,58788
10047,Sean,Mitchell,39 Split-Rock Blvd.,Suite 769,Milton,MN,55995
10048,Abigail,Vasquez,124 Mountain Cir.,,Johnson,AR,81653
10049,Sophia,Stokes,183 Goose St.,Suite 151,Bristol,MD,78355
10050,Jeremy,Jensen,266 Birch Hwy,,Georgetown,MI,99741
10051,Sierra,Carroll,217 Old Town St.,,Springfield,KS,79222
10052,Aaron,Griffin,216 North Cir.,,Salem,MA,87703
10053,Antonio,Terry,228 White Way,,Oroville,WY,325
10054,Alex,Briggs,146 Meadow Way,,Georgetown,DE,23958
10055,Jared,Bishop,29 River St.,,Los Feliz,OR,60067
10056,Nicole,Fields,94 River Hwy,,St. Johnsbury,ME,8117
10057,Michelle,Lynch,202 Riverside Rd.,,San Juan,DE,80368
10058,Destiny,Mcbride,48 Goose St.,Apt.  579,Clinton,AL,47702
10059,Emily,Wise,26 Mountain Hwy,,Wilmington,MN,16319
10060,Maria,Williams,45 Flower St.,,Greenville,MT,14306
10061,Melissa,Rivera,115 North St.,Unit 66,Duluth,DE,66645
10062,Aaron,Paul,58 North St.,,Louisville,UT,29342
10063,Bailey,Osborne,100 Meadow Blvd.,,Bristol,WI,27808
10064,Jessica,Silva,276 Smith Hwy,,Portland,NY,19100
10065,Haley,Matthews,17 Messenger Cir.,,Worcester,HI,12195
10066,Luke,Bates,267 Goose Way,,Wilmington,DE,77211
10067,Natalie,Sullivan,127 Meadow St.,Suite 25,Portland,IL,88382
10068,Melissa,Mccarthy,243 Downing Way,Suite 365,Oroville,VT,47972
10069,Anthony,Lawrence,23 White Rd.,,Barre,ND,80908
10070,Jessica,Boyd,258 Messenger St.,,Los Feliz,TX,8869
10071,Eric,Rice,64 Oak Hwy,,St. Johnsbury,ID,90846
10072,Bryan,Floyd,229 Church Blvd.,,Barre,MN,77548
10073,Connor,Harrison,168 Oak Way,,Townville,OR,67923
10074,Grace,Soto,76 Messenger St.,,Clinton,NM,74704
10075,Alexandra,Moss,59 Church St.,Unit 329,Clinton,CO,7729
10076,Laura,Stevens,268 Oak St.,,Townville,VT,36186
10077,Kayla,Washington,297 Smith St.,,San Juan,WV,63430
10078,David,Alvarado,24 Smith St.,,Springfield,AK,88628
10079,Marcus,Caldwell,121 Main Blvd.,Unit 644,Johnson,CT,61167
10080,Shelby,Lambert,172 Old Town Cir.,,Fairview,VA,58832
10081,Julian,Dixon,180 Goose St.,,Riverside,RI,16938
10082,Danielle,Cohen,66 Fox Rd.,Apt.  644,Barre,IL,88240
10083,Tyler,Meyer,236 Meadow Cir.,,Bristol,IA,48545
10084,Sophia,Lowe,103 Second St.,,Halloweentown,NY,54072
10085,Jesus,Murray,275 Downing St.,,Milton,NJ,94418
10086,Antonio,Burgess,244 Rabbit St.,,Worcester,HI,93307
10087,James,Boyd,45 Oak St.,Suite 986,Milton,PA,97408
10088,Gabrielle,Matthews,272 Goose St.,,Winston,MT,28753
10089,Sabrina,Lowe,134 Flower Hwy,,Townville,ME,78658
10090,Hunter,Phillips,60 Main Blvd.,,Pittsburgh,NE,71123
10091,Kelsey,Graham,278 Oak Cir.,Unit 610,Riverside,IL,46371
10092,Caleb,Newton,144 Mountain Cir.,,Bristol,MO,52148
10093,Destiny,Pena,36 Old Town Way,,Bristol,OR,2188
10094,Nicole,Cross,214 Smith St.,Suite 10,Worcester,AL,21082
10095,Sierra,Malone,139 White St.,Apt.  58,Greenville,OR,2940
10096,Luis,Kelley,79 Messenger Rd.,,Pittsburgh,MI,23259
10097,Alyssa,Ballard,269 Church Hwy,Unit 696,San Juan,SC,89189
10098,Sydney,Pope,111 Messenger Rd.,Unit 378,Nilbog,WA,87339
10099,Sebastian,Harrison,124 Old Town St.,,Springfield,CT,90246
10100,Savannah,Cole,43 Smith St.,,Worcester,AK,53571
10101,Benjamin,Jenkins,32 Bank Blvd.,,Fairview,PA,23364
10102,Nathaniel,Hanson,225 Meadow Rd.,,Dover,CT,40581
10103,Madeline,Gutierrez,224 Fox Cir.,,Salem,HI,53100
10104,Jasmine,Rios,70 Riverside Hwy,Apt.  414,Pittsburgh,AL,30276
10105,Paige,Brooks,296 Rabbit Hwy,,Townville,FL,58921
10106,Leah,Dixon,214 Second Way,,Madison,VT,86630
10107,Andrea,Weaver,215 Smith Rd.,Unit 894,Wilmington,ID,95517
10108,Daniel,Gibbs,211 Goose St.,,Portland,MO,68690
10109,Isabella,Griffith,99 Old Town Hwy,,San Juan,KY,72851
10110,Olivia,Dixon,238 River Hwy,,Nilbog,MI,21400
10111,Michael,Carr,201 Front St.,,Harrisburg,KS,40275
10112,Steven,Jordan,253 North Blvd.,,Big City,SC,7054
10113,Jeremy,Saunders,178 Rabbit St.,,Harrisburg,FL,10848
10114,Trevor,Goodman,148 Main Cir.,,Salem,MT,24715
10115,Sean,Frazier,149 Front Blvd.,Suite 124,Halloweentown,VT,19249
10116,Alyssa,Robbins,247 Birch St.,,Harrisburg,ME,50740
10117,Claire,Matthews,292 Oak St.,,Madison,OR,51338
10118,Julia,James,122 Smith St.,,Clinton,NV,26719
10119,Katelyn,Graham,220 Mountain Hwy,,Louisville,CT,45786
10120,Noah,Robbins,174 Downing Way,,Madison,SC,90105
10121,Gabriella,Rios,89 Forest St.,,Madison,OR,97103
10122,Megan,Johnston,275 Fox St.,,Madison,MO,18926
10123,Gavin,Mendoza,153 Front Way,,Portland,HI,98194
10124,Melissa,Griffin,190 Smith Rd.,Suite 865,Fairview,TN,94610
10125,Aaron,Glover,61 Old Town St.,,St. Johnsbury,CT,28781
10126,Victoria,Weber,239 Oak St.,,Kansas City,AL,84589
10127,James,Wade,4 Mountain Rd.,Suite 146,Portland,WA,53543
10128,Isaac,Dennis,90 Oak St.,,Riverside,WI,83446
10129,Austin,Nguyen,19 Bank Blvd.,,Wilmington,VA,1991
10130,Daniel,Shaw,196 Mountain Rd.,Unit 101,Oroville,IA,42457
10131,Bailey,Salazar,4 Rabbit St.,,Duluth,ND,71656
10132,Morgan,Munoz,242 Riverside St.,,Danville,TX,14560
10133,Katie,Mendez,222 Mountain St.,,St. Johnsbury,WY,73731
10134,Dakota,Keller,21 River Rd.,,Salem,CA,24379
10135,Courtney,Jones,53 Messenger St.,,Springfield,MI,78385
10136,Bailey,Mullins,35 Mountain Way,,Louisville,VA,5636
10137,Paige,Carroll,67 White St.,,Duluth,CO,3107
10138,Hailey,Lucas,161 Messenger Rd.,,Louisville,AL,98061
10139,Kathryn,Mcdaniel,40 Flower St.,,Milton,TX,99830
10140,Nathaniel,Owens,28 Rabbit St.,,Madison,MD,45000
10141,Jordan,Edwards,29 Church Way,,St. Johnsbury,MD,21127
10142,Emily,Neal,94 Smith Blvd.,,Los Feliz,CO,39852
10143,Isaac,King,126 Goose Cir.,,Duluth,WI,77116
10144,Katie,Miles,148 Downing Blvd.,,Kansas City,HI,66553
10145,Isaac,Christensen,125 Downing St.,,Oroville,NY,21529
10146,Mark,Bradley,219 Birch Hwy,Apt.  117,Johnson,RI,2594
10147,Alexandra,Mccarthy,256 Bank St.,,Madison,MI,59323
10148,Maria,Walker,294 Rabbit St.,,Duluth,ME,11704
10149,Hailey,Guzman,100 Birch Rd.,Apt.  563,Kansas City,GA,35790
10150,Danielle,Sharp,222 Goose Way,,Pittsburgh,MA,85374
10151,Sydney,Wright,215 North Way,,Nilbog,LA,1153
10152,Brooke,Reese,192 Bank Hwy,,St. Johnsbury,GA,84190
10153,Alyssa,Gordon,246 Oak St.,,Riverside,SC,89581
10154,Breanna,Mcdaniel,57 Downing St.,,Harrisburg,CT,3587
10155,Jada,Kim,224 Front St.,,Halloweentown,OR,70271
10156,Christian,Cruz,191 North St.,,Portland,CO,45141
10157,Luke,White,186 Church Way,Apt.  347,Duluth,MT,43697
10158,Logan,Thompson,58 Meadow St.,,Salem,RI,61324
10159,Angela,Delgado,79 Church Rd.,,Springfield,NY,48118
10160,Eric,Knight,119 Church Way,,Kansas City,CT,5294
10161,Cassandra,Mitchell,46 Rabbit Cir.,,Milton,SC,31468
10162,Grace,Taylor,278 Second Hwy,,Big City,AR,48592
10163,Brandon,Payne,158 Flower St.,,St. Johnsbury,WI,43416
10164,David,Barber,14 Rabbit Hwy,,Johnson,NE,2188
10165,Savannah,Hubbard,257 Church Way,,Pittsburgh,MA,58251
10166,Patrick,Santos,44 Rabbit St.,,Johnson,MO,34629
10167,Devin,Grant,170 Oak St.,Unit 261,Springfield,AR,41942
10168,Brian,Little,206 Old Town Blvd.,,Kansas City,DE,92237
10169,Leslie,Gardner,298 Meadow Blvd.,,Pittsburgh,KS,76254
10170,Michael,Rodgers,251 Front Way,,Fairview,GA,67633
10171,Anthony,Larson,143 Mountain Way,,Duluth,CO,23774
10172,Garrett,Hanson,220 Bank Hwy,Apt.  337,Los Feliz,WY,4958
10173,Zoe,Richards,155 Old Town St.,,San Juan,VT,78166
10174,Trevor,Hicks,221 Old Town Rd.,,Springfield,MO,69727
10175,Isaiah,Fox,30 Split-Rock Rd.,,Nilbog,ME,46065
10176,Evan,Mcgee,0 Birch Hwy,,Milton,MI,37837
10177,Nicole,Collins,86 Split-Rock Hwy,,Milton,CT,83832
10178,Trevor,Strickland,105 River St.,,Portland,CT,74934
10179,Juan,Bates,128 Old Town Blvd.,,Franklin,UT,98877
10180,Mia,Tyler,231 Birch Rd.,,Danville,OR,10430
10181,Jada,Ingram,163 Rabbit Hwy,Suite 896,Fairview,SC,5926
10182,Charles,Webster,133 Flower St.,Suite 350,Georgetown,VA,11355
10183,Caroline,Perkins,33 Goose St.,,Bristol,PA,29186
10184,Andrea,Robinson,89 Fox Cir.,,Greenville,ID,54760
10185,Garrett,Baker,256 Second Hwy,,Worcester,NV,76846
10186,Sophia,Carter,204 Church Rd.,Suite 272,Pittsburgh,TX,56617
10187,Richard,Burns,1 Flower Way,Suite 28,Madison,AK,8969
10188,Gabriel,Thomas,213 Messenger Blvd.,,Harrisburg,SC,45662
10189,Alex,Boyd,80 Front St.,Suite 898,Clinton,TN,10082
10190,Christopher,Franklin,177 Church Way,,Franklin,MA,58776
10191,Carlos,Hudson,124 Second Blvd.,,Pittsburgh,RI,65315
10192,Juan,Dunn,164 Church St.,Suite 905,Kansas City,UT,90763
10193,Katherine,Hill,122 Meadow Hwy,,Duluth,WA,83617
10194,Jose,Douglas,195 Front St.,,Milton,NY,67983
10195,Sebastian,Valdez,151 North Rd.,,Louisville,IA,53243
10196,Joseph,Baker,22 Riverside Rd.,,Oroville,IL,77615
10197,Anna,Roberts,295 Main St.,,St. Johnsbury,AK,5901
10198,Carlos,Curry,181 Mountain Way,,Worcester,RI,73142
10199,Sabrina,Fields,107 Main St.,Apt.  269,Worcester,AR,20964
10200,Hailey,Moreno,5 Split-Rock Way,,Winston,SC,81248
10201,Nathaniel,Pena,216 Mountain Blvd.,,Worcester,NJ,77983
10202,Jeremy,Harper,98 Goose St.,,Big City,RI,53887
10203,Adam,Martinez,94 Meadow Way,Unit 540,Kansas City,HI,92435
10204,Kimberly,Padilla,81 Split-Rock Hwy,,Milton,TN,56646
10205,Kelsey,Gibbs,220 Old Town St.,,Springfield,MI,37112
10206,Jose,Paul,217 Forest Blvd.,,Georgetown,ND,46564
10207,Anthony,Schneider,223 Split-Rock St.,,Franklin,IL,64084
10208,Brianna,Paul,143 Messenger St.,,Johnson,NE,65657
10209,Daniel,Romero,220 Forest Hwy,,Los Feliz,ND,54106
10210,Alexander,Perez,283 Riverside Rd.,,Danville,IL,22843
10211,Anna,Nelson,133 Mountain Rd.,,Barre,NE,64374
10212,Destiny,Fowler,285 Goose St.,,Johnson,ME,51106
10213,Lucas,Hall,160 Forest Blvd.,Suite 652,Georgetown,MD,8115
10214,Claire,Sullivan,206 Mountain Way,Unit 130,Springfield,MT,94320
10215,Adrian,Rodriguez,239 Oak Hwy,,Townville,VA,64499
10216,Alyssa,Rios,154 Messenger Cir.,Apt.  919,Portland,WY,25377
10217,Elizabeth,West,153 Split-Rock Hwy,,Franklin,ID,24471
10218,Thomas,Rios,218 North Way,,Townville,MA,25996
10219,Grace,Kim,10 Flower St.,,Springfield,MD,48443
10220,Anna,Warner,60 River Cir.,,Kansas City,PA,73918
10221,Jason,Snyder,38 Goose Cir.,Suite 943,Townville,WV,68430
10222,Catherine,Fitzgerald,163 Goose Rd.,,Oroville,WY,90627
10223,Emily,Hines,70 Bank Hwy,,Harrisburg,AR,84828
10224,Tanner,Ramirez,71 White Cir.,,Los Feliz,OH,57925
10225,Jasmine,Weber,189 Birch St.,,Worcester,NM,58681
10226,Antonio,Holmes,208 Downing Blvd.,,Danville,RI,996
10227,Sophia,Tucker,44 Goose St.,,Pittsburgh,VA,49833
10228,Emma,Glover,246 Mountain Rd.,Apt.  263,Oroville,KY,78652
10229,Jesse,Lopez,134 Downing Blvd.,Suite 192,Salem,WV,52321
10230,Kevin,Klein,115 Rabbit Hwy,,Franklin,MI,21951
10231,Jesse,Bryant,49 Oak St.,,Oroville,WY,69643
10232,Nathan,Mcdaniel,276 Second St.,,Danville,CO,61510
10233,Madison,Moody,220 White St.,,Franklin,RI,24511
10234,Chase,Wheeler,99 Bank Cir.,,Greenville,NV,27820
10235,Connor,Dawson,179 Goose Way,Apt.  780,Oroville,MA,71806
10236,Spencer,Allen,211 Downing St.,,Nilbog,KS,45638
10237,Adrian,Jennings,70 Front Rd.,,Kansas City,WA,3052
10238,Miguel,Vega,274 Old Town Blvd.,Suite 708,Johnson,WV,26709
10239,Isaiah,Peterson,36 Mountain Hwy,,Milton,IN,72474
10240,Brittany,Fields,123 Rabbit St.,,Barre,LA,72193
10241,Bryan,Mccarthy,117 Downing Way,,Wilmington,ID,79581
10242,Nicholas,Blair,3 Birch Rd.,,Barre,IL,6560
10243,Joseph,Hall,125 Forest St.,Suite 973,Worcester,NH,7318
10244,Kyle,Reeves,14 Old Town St.,,Los Feliz,OH,73907
10245,Evan,Jordan,61 Bank St.,,Townville,CO,91337
10246,Lauren,Hunter,267 Main Hwy,,Salem,MI,54230
10247,Joseph,Graham,99 River Way,,Barre,MA,62934
10248,Brooke,Mills,66 Flower St.,Apt.  704,Duluth,TX,67630
10249,Haley,Harper,88 Bank St.,,Pittsburgh,MD,34692
10250,Carlos,Ortiz,135 Oak St.,,Johnson,OH,84157
10251,Devin,Henry,131 Bank Way,,Bristol,TX,76149
10252,Jesus,Collins,27 Old Town St.,Unit 529,Danville,MO,84370
10253,Anthony,Rios,203 Mountain Hwy,,Barre,IL,18238
10254,Sarah,Andrews,72 River St.,,Big City,NV,22738
10255,Noah,Thompson,8 Smith St.,,Johnson,NM,10296
10256,Anthony,Colon,219 Split-Rock St.,,Big City,CO,2828
10257,Jesse,Lee,79 Church Blvd.,,Dover,MI,4508
10258,Isaiah,Perez,284 Messenger Hwy,,Springfield,MT,15063
10259,Jesus,White,17 North Way,,Halloweentown,WA,33530
10260,Paige,Schwartz,252 Bank Blvd.,,Wilmington,WI,1635
10261,Mia,Harvey,2 White St.,,Townville,IL,71472
10262,Mason,Tucker,12 Messenger St.,,Winston,NV,25825
10263,Brandon,Hunt,138 North St.,,Wilmington,NV,79906
10264,Miguel,Watts,23 North St.,,Fairview,MI,33175
10265,Hunter,Kelly,192 Bank St.,,Pittsburgh,MT,75396
10266,Bryan,Bates,283 Messenger Blvd.,Apt.  36,San Juan,OH,53462
10267,Elizabeth,Lewis,233 Flower Blvd.,,Clinton,LA,49007
10268,Gabrielle,Herrera,89 Front St.,,Oroville,LA,57679
10269,Megan,Kennedy,140 North Cir.,,Louisville,NH,7901
10270,Sebastian,Gross,200 River St.,,Los Feliz,CA,27357
10271,Mariah,Simmons,146 North Hwy,Unit 393,Harrisburg,LA,11903
10272,Jessica,Quinn,293 Mountain St.,,Duluth,HI,63701
10273,Isabella,Morgan,93 Second St.,Suite 554,Big City,IA,83785
10274,Marissa,Griffith,146 Main Cir.,,Wilmington,FL,32192
10275,Dalton,Martinez,239 Meadow Blvd.,Suite 255,Georgetown,WI,31628
10276,Haley,Wagner,275 Oak Cir.,,Madison,AK,51324
10277,Charles,Brooks,4 Smith St.,,Big City,PA,24201
10278,Claire,Dixon,273 Church Rd.,,Bristol,IL,57129
10279,Erin,Robbins,243 Front St.,,Harrisburg,WA,30949
10280,Cameron,Tucker,43 Smith St.,,Los Feliz,NJ,58428
10281,Jada,Jordan,221 Second Blvd.,,Portland,VT,64440
10282,Nicholas,Oliver,186 North St.,,Greenville,TN,6111
10283,Haley,Vaughn,167 Meadow St.,,Halloweentown,WI,88959
10284,Antonio,Page,221 Messenger Hwy,,Halloweentown,MT,38417
10285,Seth,Padilla,238 Second St.,,Greenville,WV,77082
10286,Ian,Lowe,168 Fox St.,Apt.  135,Fairview,GA,48852
10287,Marissa,Ward,106 Birch St.,,Madison,PA,62664
10288,Lauren,Bowman,128 Flower Hwy,Unit 237,Salem,OH,89626
10289,Joseph,Brewer,122 Riverside Way,Unit 50,Salem,OH,93499
10290,Brandon,Reese,235 Front St.,,Salem,WV,86692
10291,Olivia,Pierce,124 Rabbit St.,,Madison,KS,6825
10292,Sabrina,Davidson,259 Messenger Way,,Greenville,WV,56526
10293,Jose,Griffin,256 River Hwy,Suite 842,Kansas City,WV,45840
10294,Brittany,Larson,227 Smith Blvd.,,San Juan,TN,50181
10295,Marissa,Steele,179 Main Way,,Wilmington,AR,61869
10296,Andrea,Williams,42 Old Town Rd.,,Wilmington,SC,78257
10297,Ryan,Lynch,296 Meadow Way,,Duluth,NE,94265
10298,Dylan,Black,2 Second St.,,Halloweentown,WI,18530
10299,Haley,Schultz,146 North Hwy,,Franklin,ND,11544
10300,Sierra,Alvarez,83 Messenger Hwy,Unit 609,Springfield,DE,71449
10301,Jake,Myers,281 Main St.,Apt.  713,Bristol,SD,57732
10302,Jake,Austin,5 Rabbit St.,Unit 576,Dover,AL,67233
10303,Jonathan,Montgomery,43 Split-Rock St.,,Duluth,SC,65501
10304,Jasmine,Fletcher,252 Mountain Hwy,,Greenville,ID,74193
10305,Julia,Mack,157 Church Blvd.,,San Juan,RI,1060
10306,Ian,Duncan,259 Oak St.,,Harrisburg,CO,79465
10307,Cassandra,Ross,200 Forest St.,,Louisville,TX,33884
10308,Alexander,Graham,241 Split-Rock St.,,Riverside,MI,22929
10309,Mark,Stevenson,21 Forest Blvd.,,Bristol,MO,95593
10310,Savannah,Nichols,3 Mountain Cir.,,Kansas City,VA,95114
10311,Haley,Gordon,138 North Rd.,,Bristol,UT,38088
10312,Isaiah,Walton,45 Forest Hwy,Suite 756,Riverside,PA,45043
10313,Justin,Lewis,273 Oak St.,,Halloweentown,CT,15261
10314,David,Farmer,18 Downing Way,,Big City,KS,65803
10315,Cole,Lucas,52 Bank St.,,Winston,MO,69424
10316,Jenna,Sandoval,163 Main Way,,Greenville,MA,84541
10317,Bryan,Bailey,198 Main Rd.,,Portland,OH,62266
10318,Mark,Dennis,68 Mountain St.,,St. Johnsbury,AL,7371
10319,Juan,Garner,222 Flower Blvd.,,Bristol,NE,59056
10320,Sarah,Nguyen,217 Rabbit Way,,Los Feliz,WV,15605
10321,Kevin,Tate,277 Main St.,Apt.  25,Barre,AK,17037
10322,Paul,Greer,75 Front Hwy,Unit 160,Los Feliz,MT,95262
10323,Jacob,Gregory,256 Forest Hwy,,Georgetown,KS,94675
10324,Faith,Garner,101 Birch Cir.,,Clinton,NC,28357
10325,Samuel,Kennedy,150 Old Town St.,,Georgetown,WV,54299
10326,Stephen,Hughes,102 Forest Rd.,,Milton,IN,86050
10327,Nathaniel,Mann,58 Messenger St.,,Milton,MD,2868
10328,Jake,Matthews,73 Rabbit St.,,Nilbog,WV,56962
10329,Spencer,Diaz,125 Second St.,Unit 659,Riverside,IA,48140
10330,Patrick,Neal,201 Old Town Blvd.,,Harrisburg,KY,27744
10331,Sierra,Vasquez,184 Smith St.,,Los Feliz,MT,96609
10332,Jared,Harvey,291 Bank St.,Unit 36,Barre,KS,42924
10333,Bryan,Douglas,258 River Cir.,,Madison,CT,65909
10334,Kenneth,Reeves,169 Second St.,,Milton,NY,92775
10335,Katherine,Nunez,198 Oak St.,Apt.  714,Townville,ND,14660
10336,Alexandra,Doyle,193 Oak Rd.,,Riverside,TX,39553
10337,Mia,Guzman,289 River St.,Unit 247,Los Feliz,OH,63169
10338,Trinity,Jackson,273 Smith Blvd.,,Harrisburg,WI,8094
10339,Kimberly,Nguyen,186 Old Town Rd.,,Springfield,DE,28477
10340,Luke,Bowman,39 Split-Rock Cir.,,Greenville,WY,78149
10341,Melissa,Caldwell,271 North St.,Unit 700,Pittsburgh,SC,19540
10342,Victoria,Soto,136 Goose St.,,St. Johnsbury,MA,21707
10343,Andrea,Johnson,248 Smith Blvd.,Apt.  808,Springfield,DE,44636
10344,Sabrina,Tucker,275 Messenger St.,,Duluth,AL,82647
10345,Nicholas,Harrison,95 Forest St.,,San Juan,WI,47105
10346,Anthony,Montgomery,119 Second Rd.,,San Juan,DE,83355
10347,Olivia,Myers,123 White Blvd.,,Halloweentown,NE,77630
10348,Jason,Wells,196 Forest St.,Apt.  514,Townville,NC,40004
10349,Elizabeth,Cole,40 Birch St.,,Wilmington,KS,77506
10350,Jake,Becker,187 Rabbit St.,,Louisville,TX,36132
10351,Tyler,Hunter,123 Oak Rd.,,Barre,CT,74605
10352,Sophia,Allen,155 Front Hwy,,Danville,CA,66558
10353,Bryce,Johnston,162 Birch Rd.,Unit 668,Johnson,MI,18000
10354,Andrew,Cooper,5 Meadow St.,,Johnson,NM,8600
10355,Paul,Allen,250 Rabbit Rd.,,Riverside,FL,63673
10356,Angela,Rios,131 North St.,,Kansas City,TN,21651
10357,Christopher,Walsh,12 River Cir.,,Milton,HI,58435
10358,Jacob,Baker,22 Messenger Way,,Harrisburg,LA,96219
10359,Tanner,Banks,176 Riverside Blvd.,,Dover,MI,54688
10360,Melissa,Gardner,16 Church Way,,Louisville,NC,91692
10361,Paige,Holland,230 Mountain Blvd.,,Madison,SC,28315
10362,Amber,Ramsey,136 White Hwy,Suite 154,Townville,MN,17908
10363,Austin,Jensen,175 Flower St.,,Worcester,MD,69734
10364,Caitlin,Fletcher,113 Second Cir.,,Los Feliz,NY,29879
10365,Isaiah,Caldwell,12 Front Cir.,Unit 939,Barre,ME,88347
10366,Katelyn,Reese,149 North Cir.,,Riverside,GA,74131
10367,Austin,Knight,197 Goose St.,,Bristol,NY,54002
10368,Isaiah,Nunez,210 Messenger St.,,Franklin,MA,24145
10369,Alexandra,Gardner,57 Goose St.,,Kansas City,LA,16867
10370,Brittany,Wright,105 River St.,,Kansas City,NM,3848
10371,Katie,Caldwell,103 Downing Way,,Wilmington,IL,55800
10372,Vanessa,Little,197 White Way,,Riverside,WV,39641
10373,Tanner,Howard,226 Birch St.,Unit 983,Pittsburgh,WV,82055
10374,Mason,Crawford,272 Downing St.,,Townville,SC,32581
10375,Mackenzie,Mann,38 Oak St.,,Kansas City,SC,97571
10376,Danielle,Carroll,94 Goose Blvd.,,San Juan,NH,13701
10377,Katherine,Barnett,146 River Cir.,,Big City,ME,50047
10378,David,Burke,101 Downing Blvd.,,Worcester,TN,58390
10379,Samuel,Diaz,244 Front Way,,Clinton,GA,81999
10380,Morgan,Blair,181 Front Hwy,Unit 358,Madison,MO,6177
10381,Sebastian,Long,125 Forest St.,,Greenville,AK,10988
10382,Tanner,Munoz,144 Flower St.,,Harrisburg,MT,47073
10383,Alexandria,Parks,205 Meadow Hwy,,Duluth,LA,49443
10384,Jared,Holt,282 Bank St.,,Kansas City,RI,31168
10385,Jada,Graham,66 Downing Cir.,,Franklin,TN,21066
10386,Molly,Horton,88 Birch Rd.,,Wilmington,IL,67637
10387,Lauren,Love,112 Downing St.,,Springfield,IN,44565
10388,Brandon,Montgomery,211 White St.,,Nilbog,NV,7270
10389,Isabella,Powers,93 Church St.,,Pittsburgh,OH,8704
10390,Katie,Turner,65 Rabbit St.,,Dover,MI,57524
10391,Alexandra,Gross,279 Flower St.,,Bristol,MI,5665
10392,Jared,Pierce,294 Meadow St.,,Madison,RI,32783
10393,Ethan,Hardy,261 Flower St.,,Bristol,NH,13486
10394,Dakota,Cannon,54 Forest Blvd.,,Worcester,SC,39299
10395,Grace,Chambers,174 Oak St.,,Dover,IA,62844
10396,Blake,Mason,275 Riverside St.,,Riverside,MA,70267
10397,Nathan,Hughes,195 Meadow Way,,San Juan,SC,30382
10398,Angel,Farmer,14 North Cir.,,Harrisburg,MA,96986
10399,Stephanie,Houston,114 Messenger Way,,Duluth,IN,35422
10400,Mark,Fowler,248 Flower Rd.,,Clinton,MT,8363
10401,Sara,Chandler,167 White St.,,Portland,WI,10751
10402,Grace,Steele,164 Downing Hwy,,Danville,WV,20796
10403,Logan,Haynes,110 Birch Way,,Townville,CO,91522
10404,Molly,Jennings,186 Main Way,,Salem,IL,53167
10405,Amber,Hoffman,273 River Rd.,,Salem,WA,53699
10406,Noah,Mason,149 North St.,,St. Johnsbury,NE,12994
10407,Evan,Mason,158 Meadow Rd.,,Fairview,OR,8391
10408,Jose,Gray,213 Split-Rock St.,,Louisville,RI,47328
10409,Matthew,Neal,115 Messenger Hwy,,Worcester,NV,58571
10410,Sierra,Smith,32 Birch St.,,Georgetown,CA,79703
10411,Brian,Ferguson,209 Downing Hwy,,Milton,MA,76506
10412,Nathan,Cole,13 Rabbit Hwy,,Wilmington,UT,37789
10413,Zachary,Weber,82 North St.,,Madison,SD,4718
10414,Eric,Robertson,123 Forest St.,,Milton,FL,7735
10415,Emma,Hunter,281 Goose Hwy,Apt.  179,Springfield,NV,80107
10416,Mia,Johnson,245 Birch Rd.,,San Juan,WV,68116
10417,Trinity,Ramsey,227 Flower St.,,Dover,AL,8165
10418,William,Kelley,285 Bank Hwy,,Worcester,TX,1865
10419,Austin,Shelton,65 Messenger Blvd.,,Danville,KY,32810
10420,Thomas,Watson,292 Front St.,,Fairview,NV,90777
10421,Daniel,Baker,156 Riverside St.,,Georgetown,MD,52210
10422,Alexandra,Garcia,145 Birch St.,,Pittsburgh,SC,24193
10423,Mariah,Sandoval,99 Bank Way,,Bristol,UT,52594
10424,Allison,Briggs,240 Bank Rd.,,Winston,IN,53975
10425,Kayla,Wood,241 Second St.,,Salem,VT,63890
10426,Juan,Perez,286 Front St.,,Portland,MA,60884
10427,Alexander,Franklin,273 Old Town Hwy,Unit 469,Clinton,NC,81064
10428,Devin,Lyons,255 Mountain Blvd.,Suite 555,Los Feliz,VA,72619
10429,Kenneth,Gordon,10 Old Town Blvd.,,Louisville,NM,63147
10430,Kaylee,Webster,217 Front St.,,Riverside,ID,64540
10431,Sabrina,Ferguson,11 Fox St.,,Georgetown,IL,73003
10432,Jesus,Rios,211 Bank St.,Unit 149,Bristol,NC,55039
10433,Victoria,Keller,136 Bank Way,,Kansas City,NY,57409
10434,Adrian,Patterson,286 Main Blvd.,,Townville,ME,14421
10435,Daniel,Sutton,265 River Rd.,Suite 774,Danville,TX,61409
10436,Joshua,Hayes,2 Riverside St.,,Danville,KS,42225
10437,Trevor,Jimenez,114 Meadow St.,,Franklin,OR,60182
10438,Morgan,Franklin,243 Mountain Cir.,,Fairview,MI,95301
10439,Trevor,Fuller,237 Front St.,Apt.  122,Dover,UT,46805
10440,Samantha,Kim,141 Fox Blvd.,,Madison,SC,36708
10441,Logan,Stephens,212 Smith Way,,Oroville,MI,37547
10442,Paul,Boyd,284 White St.,,St. Johnsbury,MO,92195
10443,Jasmine,Harvey,239 Goose Way,Unit 531,Wilmington,MO,88692
10444,Antonio,Weaver,167 White Way,,Fairview,SD,46746
10445,Seth,Aguilar,180 Downing St.,,Georgetown,AR,40201
10446,Jenna,Mendez,285 River Blvd.,,Wilmington,NV,50756
10447,Luke,Hamilton,53 Meadow St.,,Riverside,GA,45085
10448,Morgan,Schultz,253 Main St.,,Salem,CO,62078
10449,Mackenzie,Palmer,147 White Blvd.,,St. Johnsbury,GA,63602
10450,Kyle,Goodman,248 Meadow St.,,Dover,MN,27032
10451,Victor,Weaver,140 Smith St.,,Wilmington,GA,7196
10452,Laura,Russell,230 Main Rd.,,Nilbog,KY,47055
10453,Sean,Ortiz,118 Goose Hwy,Suite 651,Greenville,NE,33958
10454,Antonio,Joseph,25 Mountain Rd.,Apt.  450,Danville,NH,96536
10455,Julia,Andrews,235 Bank St.,,Winston,WI,72356
10456,Steven,Reyes,292 Mountain Hwy,Unit 568,Georgetown,NM,25482
10457,Christian,Cross,284 Main Hwy,Apt.  44,Springfield,VT,31359
10458,Tanner,Graves,243 Oak St.,,Worcester,AL,48170
10459,Zoe,Hicks,220 Front St.,,Big City,NV,46708
10460,Alexa,Morrison,136 Mountain Rd.,,Pittsburgh,MN,73954
10461,Trinity,Miles,160 Downing St.,,Pittsburgh,AL,94050
10462,Kelsey,Sharp,250 Meadow Rd.,,Franklin,NV,65250
10463,Angela,Reed,201 Forest Blvd.,Apt.  151,San Juan,MI,47310
10464,Hannah,Boyd,26 Downing St.,Suite 471,Winston,CA,88770
10465,Paul,White,221 Oak Rd.,,Bristol,NM,62102
10466,Robert,Crawford,222 Riverside Blvd.,,Portland,WA,54713
10467,Jeremy,Greer,196 Forest St.,Suite 377,Danville,VT,54095
10468,Noah,Martinez,199 Mountain Way,,Clinton,UT,35307
10469,Kaylee,Chapman,273 Rabbit Rd.,,Kansas City,LA,35622
10470,Juan,Morris,123 Goose Hwy,,Riverside,ID,23256
10471,Robert,Mullins,127 Fox Rd.,Suite 78,Portland,ID,39929
10472,Nathaniel,Fox,18 White St.,,Greenville,NM,92591
10473,Jason,Hodges,67 Mountain St.,,Worcester,MA,69674
10474,Jada,Paul,3 Smith St.,,Franklin,MN,94944
10475,Garrett,Hawkins,29 White Blvd.,Apt.  231,Nilbog,AR,33393
10476,Katelyn,Jensen,88 Meadow Way,,Wilmington,MI,45056
10477,Erin,Pierce,245 Church Hwy,,Greenville,NE,66745
10478,Julian,Butler,45 Old Town Way,,Los Feliz,NE,7092
10479,Hunter,Gregory,254 Fox St.,,Halloweentown,PA,68304